variable,bin,n,eventos,no_eventos,pct_eventos,pct_no_eventos,woe,iv_bin
antiguedad_relacion_meses,"(-0.001, 4.0]",57518,1648,55870,0.026744214343075463,0.06996138822087165,0.961625329310559,0.041558729062107454
antiguedad_relacion_meses,"(10.0, 11.0]",95087,12554,82533,0.20367621411594838,0.10334896295410477,-0.6784202954566169,0.06806404337556815
antiguedad_relacion_meses,"(11.0, 12.0]",198198,32530,165668,0.527754118706349,0.2074511279560676,-0.9337347069662594,0.29907801920863053
antiguedad_relacion_meses,"(4.0, 6.0]",52658,2443,50215,0.03964178813909912,0.06288016198539802,0.4613469063142633,0.010720951881764284
antiguedad_relacion_meses,"(6.0, 9.0]",75228,4962,70266,0.08050844020473884,0.0879881491202312,0.0888401101289648,0.0006644981637849415
antiguedad_relacion_meses,"(9.0, 10.0]",50497,6208,44289,0.10072275083347529,0.05545958786136324,-0.5967170921709536,0.027009302991178676
antiguedad_relacion_meses,Sin dato,331037,1291,329746,0.020952473657313897,0.41291062190196354,2.9809744439482415,1.1684172230145768
bolsillos_n_obs_ventana,0,609573,15350,594223,0.2490326976581955,0.7440894374658383,1.0945770355159854,0.5418777386708582
bolsillos_n_obs_ventana,1,61066,11089,49977,0.179906068250582,0.06258205853681137,-1.0559562394466477,0.12388902009415521
bolsillos_n_obs_ventana,2,93047,17094,75953,0.27732578418409976,0.09510932685860042,-1.0701658923272797,0.19500183765045867
bolsillos_n_obs_ventana,3,68673,12864,55809,0.20870207087872422,0.0698849161304622,-1.0940579029594648,0.15187400521868305
bolsillos_n_obs_ventana,4,23742,4474,19268,0.07259026127302666,0.02412810554582662,-1.1014534043595097,0.053378806408325194
bolsillos_n_obs_ventana,5,3776,699,3077,0.01134805850049886,0.003853659849873183,-1.0800233649582085,0.008094125648987002
bolsillos_n_obs_ventana,6,324,60,264,0.0009814975543676642,0.000331208133319726,-1.086332542649723,0.000706430560225223
bolsillos_n_obs_ventana,7,18,4,14,7.300395032486758e-05,1.8156967611100294e-05,-1.3914591762610264,7.631733738730139e-05
bolsillos_n_obs_ventana,8,4,2,2,4.055775018048199e-05,3.1305116570862574e-06,-2.5615304289112815,9.58710103477987e-05
bolsillos_saldo_prom_6m,"(-0.001, 240646.031]",765143,36112,729031,0.5858852159805313,0.9129000730664165,0.44350253238448595,0.14503191724494083
bolsillos_saldo_prom_6m,"(240646.031, 1045000000.0]",85016,23731,61285,0.3850172378827824,0.0767422771552558,-1.6128353489868388,0.49719675386888434
bolsillos_saldo_prom_6m,Sin dato,10064,1793,8271,0.029097546136686272,0.010357649778327637,-1.0329284897001085,0.019356972842575947
bolsillos_saldo_snapshot,"(-0.001, 183027.24]",774200,37962,736238,0.6159044080665834,0.92192532319544,0.40337245612984,0.12344040816262818
bolsillos_saldo_snapshot,"(183027.24, 2050000000.0]",86023,23674,62349,0.38409559193341664,0.07807467680456005,-1.5932256953249473,0.4875603852901492
bolsillos_tendencia_6m,"(-1120000000.001, 0.0]",700032,30557,669475,0.49576150882174,0.8383234920112173,0.5253090725440227,0.17995091767810537
bolsillos_tendencia_6m,"(0.0, 2010000000.0]",38269,8924,29345,0.1447901034272967,0.03674670997641464,-1.3712364339193277,0.14815303754413037
bolsillos_tendencia_6m,Sin dato,121922,22155,99767,0.35944838775096327,0.12492979801236807,-1.0568186364617358,0.2478436162324714
bolsillos_tendencia_relativa_6m,"(-0.00841, 0.0833]",9012,2424,6588,0.03933226803371106,0.008250140090221233,-1.561815070706781,0.04854453585177878
bolsillos_tendencia_relativa_6m,"(-0.392, -0.00841]",9013,2286,6727,0.03709351654323791,0.008424196320401206,-1.4823341186437298,0.042497511524633505
bolsillos_tendencia_relativa_6m,"(-0.896, -0.392]",9013,2257,6756,0.03662305427350081,0.008460510210150984,-1.4652684599596806,0.04126568756825124
bolsillos_tendencia_relativa_6m,"(-1.5, -0.896]",8124,2047,6077,0.03321625852712864,0.0076102643087682395,-1.473541567683627,0.03773149686262067
bolsillos_tendencia_relativa_6m,"(-2.0, -1.5]",7148,1502,5646,0.024374812423448487,0.007070564774900841,-1.2376099613923184,0.02141590926424217
bolsillos_tendencia_relativa_6m,"(-5.001, -2.0]",11766,2197,9569,0.03564968406025162,0.011982957515879501,-1.0902548512278851,0.02580276342768546
bolsillos_tendencia_relativa_6m,"(0.0833, 0.496]",9013,2289,6724,0.03714218505390038,0.008420439711116745,-1.4840913379802272,0.042625693474899126
bolsillos_tendencia_relativa_6m,"(0.496, 1.157]",9012,2271,6741,0.03685017398992562,0.008441727163728685,-1.4736734122720097,0.04186477277170958
bolsillos_tendencia_relativa_6m,"(1.157, 1.667]",9049,1973,7076,0.032015768597454634,0.008861215200493369,-1.284544639075689,0.029743057436258373
bolsillos_tendencia_relativa_6m,"(1.667, 4.503]",8977,1788,7189,0.029014543773269633,0.009002714150208022,-1.1702711095779577,0.023419266057665353
bolsillos_tendencia_relativa_6m,Sin dato,770096,40602,729494,0.6586877347241712,0.9134752705541311,0.327006729310562,0.08331723876085283
bolsillos_tenencia,0,599509,13557,585952,0.21995716858380518,0.7337356684548227,1.204715999890374,0.6189571791942893
bolsillos_tenencia,1,260714,48079,212635,0.7800428314161948,0.26626433154517726,-1.0748592872733502,0.552239592187733
capacidad_ahorro,"(-8499997818916.001, 254000.0]",85999,2128,83871,0.034530308315015044,0.10502415186719134,1.1123529012253859,0.07841403139379177
capacidad_ahorro,"(1000000.0, 1212758.2]",80681,1579,79102,0.02562397086378495,0.099052395307995,1.3521206804300583,0.09928409122241241
capacidad_ahorro,"(1212758.2, 1517512.0]",85997,2185,83812,0.035455010017601776,0.10495027188459696,1.0852220675739843,0.07541779176989599
capacidad_ahorro,"(1517512.0, 2000000.0]",100023,3312,96711,0.05373814718979908,0.12110243960467948,0.8125136704380584,0.054734408486477135
capacidad_ahorro,"(2000000.0, 2830574.0]",71972,5443,66529,0.08830901259703285,0.08330844579682378,-0.058292236166806746,0.00029149422088567986
capacidad_ahorro,"(254000.0, 718722.8]",85996,1605,84391,0.0260457646228596,0.10567529747649772,1.4005159929356419,0.11152243427151431
capacidad_ahorro,"(2830574.0, 4590561.0]",85997,11049,74948,0.17925423618828223,0.09385074365211293,-0.6470994252117944,0.05526455093123493
capacidad_ahorro,"(4590561.0, 6192556.7]",85997,13449,72548,0.21818904471824987,0.09084545622454505,-0.8762020850621629,0.11157871775748221
capacidad_ahorro,"(6192556.7, 9000007796700.0]",85998,19126,66872,0.31028608972851085,0.08373795145834703,-1.309802444816418,0.2967333053748685
capacidad_ahorro,"(718722.8, 1000000.0]",91314,1759,89555,0.028544081503532524,0.11214167425814793,1.3683134088966382,0.11438770711762071
capacidad_ahorro,Sin dato,249,1,248,2.4334255331229773e-05,0.0003111724690627573,2.5484622792818383,0.0007309963679513797
cdt_n_obs_ventana,"(0.999, 4.0]",2617,943,1674,0.015306867405376467,0.0020968206463892612,-1.9878793581230692,0.026259979272031216
cdt_n_obs_ventana,"(4.0, 7.0]",12017,1126,10891,0.018275766965719756,0.01363841270238796,-0.2926856979326117,0.0013572872691240392
cdt_n_obs_ventana,"(7.0, 8.0]",7254,408,6846,0.006627297652460293,0.008573235327264303,0.25744805192350706,0.0005009778635428513
cdt_n_obs_ventana,"(8.0, 9.0]",1908,120,1788,0.0019549311312642968,0.0022395722460837224,0.13592992021963915,3.869124402863367e-05
cdt_n_obs_ventana,"(9.0, 19.0]",568,65,503,0.001062638913674784,0.0006304862319838715,-0.522019316031313,0.0002255920473173878
cdt_n_obs_ventana,= 0,835859,58974,776885,0.9567724979315044,0.9728214728458909,0.01663494522368465,0.00026697381859710855
cdt_saldo_prom_6m,"(10000000.0, 14000000.0]",2149,119,2030,0.0019386132831510983,0.0025425967921081202,0.27121300289230127,0.00016380818116166305
cdt_saldo_prom_6m,"(101054084.405, 4000000000.0]",2437,755,1682,0.012256253852892508,0.002106830387944798,-1.7608516930563973,0.0178716294917995
cdt_saldo_prom_6m,"(14000000.0, 19750000.0]",2343,181,2162,0.0029444210116479023,0.002707887497135587,-0.08374338776135702,1.9808117824361386e-05
cdt_saldo_prom_6m,"(19750000.0, 26125000.0]",2434,190,2244,0.0030904253593329223,0.002810568086622347,-0.09492210920725468,2.656464260267767e-05
cdt_saldo_prom_6m,"(19999.999, 3487690.355]",2437,109,2328,0.0017763862301677427,0.002915753080730735,0.49554704030339053,0.0005646098706162863
cdt_saldo_prom_6m,"(26125000.0, 38325833.333]",2436,249,2187,0.00404756497193472,0.0027391925549059407,-0.39045226982228987,0.0005108569800017625
cdt_saldo_prom_6m,"(3487690.355, 6278847.352]",2436,105,2331,0.0017114954089744005,0.0029195096876631775,0.5340481904697685,0.0006451378395953839
cdt_saldo_prom_6m,"(38325833.333, 55856276.513]",2436,325,2111,0.005280490574608222,0.002644025179284066,-0.6917165601371116,0.0018236867741741553
cdt_saldo_prom_6m,"(55856276.513, 101054084.405]",2436,427,2009,0.006935206515038448,0.002516300543581023,-1.013821047350045,0.004479979880124335
cdt_saldo_prom_6m,"(6278847.352, 10000000.0]",2820,202,2618,0.003285097822912949,0.003278891750866837,-0.0018909456895373422,1.1735345184553778e-08
cdt_saldo_prom_6m,= 0.0,834249,58359,775890,0.9467489698582136,0.9715718770387419,0.025881273010715765,0.0006424484376589116
cdt_saldo_prom_6m,Sin dato,1610,615,995,0.009985075111125532,0.0012465674004154808,-2.080697794982743,0.0181821937251141
cdt_saldo_snapshot,"(10000000.0, 14000000.0]",2174,153,2021,0.00249020546222918,0.0025313285561785266,0.016379063906892834,6.735577838455073e-07
cdt_saldo_snapshot,"(102983788.303, 4000000000.0]",2598,844,1754,0.01370018575148236,0.0021969903298616,-1.830320999371266,0.02105454014006388
cdt_saldo_snapshot,"(14000000.0, 20000000.0]",3154,291,2863,0.004728956952702319,0.0035856835620169236,-0.276755532103316,0.00031640723557869896
cdt_saldo_snapshot,"(19999.999, 3500000.0]",2652,137,2515,0.0022306400720293958,0.0031499168850195815,0.3450874946780664,0.00031723093231042054
cdt_saldo_snapshot,"(20000000.0, 27000000.0]",2040,188,1852,0.003058004753291208,0.0023197062331539553,-0.27632210786450434,0.0002040082033175699
cdt_saldo_snapshot,"(27000000.0, 40000000.0]",2928,391,2537,0.006351240641450971,0.0031774653531056202,-0.6925663502274959,0.002198049967891558
cdt_saldo_snapshot,"(3500000.0, 6275453.794]",2543,134,2409,0.0021819715613669364,0.0030171833569686665,0.3240948788918126,0.00027068786574455605
cdt_saldo_snapshot,"(40000000.0, 57190140.746]",2239,342,1897,0.0055563216339641315,0.002376055372420853,-0.8494946065791759,0.0027016190366667336
cdt_saldo_snapshot,"(57190140.746, 102983788.303]",2597,526,2071,0.00854132362126165,0.002593938710919524,-1.1917385282032547,0.007087727739709371
cdt_saldo_snapshot,"(6275453.794, 10000000.0]",3049,271,2778,0.004404500214952589,0.003479246298957228,-0.23581110480069511,0.00021818514815203567
cdt_saldo_snapshot,= 0.0,834249,58359,775890,0.9467566493352693,0.9715724853413975,0.02587378772652074,0.0006420796730787125
cdt_tendencia_6m,"(-494500000.001, 0.0]",847978,59606,788372,0.9670492800648955,0.987207429107732,0.020630722596857585,0.00041587718096886835
cdt_tendencia_6m,"(0.0, 1155555555.557]",8322,590,7732,0.009580206854593388,0.009682708929567605,0.010642526146965812,1.0908810130313536e-06
cdt_tendencia_6m,Sin dato,3923,1440,2483,0.02337051308051105,0.0031098619627004396,-2.01689676275202,0.04086364165076032
cuenta_ahorro_n_obs_ventana,0,477436,15047,462389,0.24412303898505816,0.5790073754993176,0.8636428594993769,0.2892204659887266
cuenta_ahorro_n_obs_ventana,1,251619,30090,221529,0.48817307224322265,0.27740079389924743,-0.5652066294074513,0.11912988901532737
cuenta_ahorro_n_obs_ventana,2,102165,12795,89370,0.20758772854848392,0.11191036702187605,-0.6178557820654758,0.059114811031983565
cuenta_ahorro_n_obs_ventana,3,27055,3442,23613,0.05584938107367089,0.029568990345483916,-0.63593225478855,0.016712548132500046
cuenta_ahorro_n_obs_ventana,4,1938,262,1676,0.004258667402131767,0.0020993250604189884,-0.7073404016741188,0.0015273900793390492
cuenta_ahorro_n_obs_ventana,5,10,0,10,8.111747432631938e-06,1.314817365606882e-05,0.48296955217469933,2.4324405176942232e-06
cuenta_ahorro_saldo_prom_6m,"(-1455.6209999999999, 0.0]",408602,5138,403464,0.08336375213945603,0.5052207608279838,1.801781895645546,0.7600943208061752
cuenta_ahorro_saldo_prom_6m,"(0.0, 4452.246]",53235,1007,52228,0.016345038489929346,0.06540085312810508,1.3866109081326634,0.06802132768462846
cuenta_ahorro_saldo_prom_6m,"(1523502.206, 5133528.919]",76973,12108,64865,0.19644059409956277,0.08122498326739425,-0.8831371899453804,0.10175119078816183
cuenta_ahorro_saldo_prom_6m,"(362166.607, 1523502.206]",76973,7475,69498,0.12127775209078594,0.08702645473493612,-0.33187123700532484,0.011367020422523091
cuenta_ahorro_saldo_prom_6m,"(4452.246, 362166.607]",76972,4707,72265,0.07637148257205201,0.09049130937570632,0.1696444553689551,0.0023953503280099097
cuenta_ahorro_saldo_prom_6m,"(5133528.919, 2015474181.61]",76973,21089,55884,0.34214261958646647,0.0699789191081036,-1.5870336253757713,0.43193294426586176
cuenta_ahorro_saldo_prom_6m,Sin dato,90495,10112,80383,0.1640587610217474,0.10065671955777085,-0.4885087510790909,0.030972452091431926
cuenta_ahorro_saldo_snapshot,"(-0.001, 61.57]",430113,5609,424504,0.0910056944466977,0.5315675127412064,1.7649081318503228,0.7775511356907427
cuenta_ahorro_saldo_snapshot,"(1743151.95, 5504043.276]",86022,14223,71799,0.23075487921608073,0.08990783756370603,-0.9425708996047831,0.1327583227569512
cuenta_ahorro_saldo_snapshot,"(18178.734, 504219.988]",86022,6831,79191,0.11083080517205016,0.09916415181757848,-0.1112281845166223,0.0012976606720026458
cuenta_ahorro_saldo_snapshot,"(504219.988, 1743151.95]",86022,9216,76806,0.14952384042570452,0.09617763808712856,-0.44125896951389654,0.023539490271399843
cuenta_ahorro_saldo_snapshot,"(5504043.276, 2242804776.72]",86023,23480,62543,0.38093577118382843,0.07831740943412765,-1.581860860354118,0.47870014207633543
cuenta_ahorro_saldo_snapshot,"(61.57, 18178.734]",86021,2277,83744,0.03694900955563848,0.1048654503562529,1.0431392612062083,0.07084630588050812
cuenta_ahorro_tendencia_6m,"(-3639021000.521, 0.0]",400964,6625,394339,0.1074913810586088,0.49379561563934365,1.5247110298985518,0.589002327361764
cuenta_ahorro_tendencia_6m,"(0.0, 2107032828.455]",13146,1680,11466,0.0272642466031231,0.014358458705578656,-0.6412369702359756,0.008275668329929521
cuenta_ahorro_tendencia_6m,Sin dato,446113,53331,392782,0.8652443723382681,0.4918459256550777,-0.5648464701967084,0.21091279458593395
cuenta_ahorro_tenencia,0,386941,4935,382006,0.08007365705663806,0.4783524170160333,1.7874008106451071,0.7118837784141512
cuenta_ahorro_tenencia,1,473282,56701,416581,0.919926342943362,0.5216475829839667,-0.5673013733222265,0.2259440874900383
cuenta_corriente_n_obs_ventana,0,856027,60426,795601,0.9803290124758676,0.9962577793360798,0.016117796355231816,0.0002567366204428667
cuenta_corriente_n_obs_ventana,1,2855,794,2061,0.012889566670452149,0.002581424761141512,-1.6080767193785395,0.016576283024412684
cuenta_corriente_n_obs_ventana,2,625,196,429,0.0031879167410243515,0.000537822912883958,-1.7795935754337295,0.004716089950855222
cuenta_corriente_n_obs_ventana,3,496,160,336,0.002603870925874852,0.00042136766050163415,-1.8212486790340117,0.00397488118904839
cuenta_corriente_n_obs_ventana,4,203,54,149,0.0008841804701568812,0.00018720494872212273,-1.552457194387181,0.0010820246625631478
cuenta_corriente_n_obs_ventana,5,17,6,11,0.00010545271662421519,1.4400380670932518e-05,-1.9910080270811106,0.0001812859317674718
cuenta_corriente_saldo_prom_6m,"(-14997193.551, 0.0]",855156,60132,795024,0.975583046035287,0.9955371258163622,0.020247128243437128,0.0004040128123072058
cuenta_corriente_saldo_prom_6m,"(0.0, 1056795163.02]",3618,1091,2527,0.017708375583046037,0.0031649591748441155,-1.7218975678702142,0.025042273341806656
cuenta_corriente_saldo_prom_6m,Sin dato,1449,413,1036,0.006708578381667005,0.0012979150087936403,-1.6426279253627538,0.008887706751019214
cuenta_corriente_saldo_snapshot,"(-16945830.150999997, 0.0]",855359,60173,795186,0.976256144848062,0.995740607171658,0.0197617936263285,0.0003850479233588776
cuenta_corriente_saldo_snapshot,"(0.0, 1056795163.02]",4864,1463,3401,0.02374385515193796,0.004259392828342023,-1.7181971449945284,0.033478147536155994
cuenta_corriente_tendencia_6m,"(-197469283.461, 0.0]",855175,60199,794976,0.9766700466436828,0.995477019766751,0.01907316506172146,0.00035870850268763735
cuenta_corriente_tendencia_6m,"(0.0, 229671278.935]",520,150,370,0.002441695396471304,0.00046394357043708995,-1.6606849822276306,0.0032844227560682926
cuenta_corriente_tendencia_6m,Sin dato,4528,1287,3241,0.020888257959845873,0.004059036662811949,-1.6382415106976829,0.027570328921518474
cuenta_corriente_tenencia,0,854578,60013,794565,0.9736603014423155,0.9949629846679389,0.021643058804820522,0.00046105522575262973
cuenta_corriente_tenencia,1,5645,1623,4022,0.026339698557684508,0.0050370153320610875,-1.6542635413240656,0.035240252192524565
cv_saldo_liquido,"(-0.001, 0.00557]",13187,1854,11333,0.03008525100784374,0.01419184377514189,-0.751367634371915,0.011941791794544672
cv_saldo_liquido,"(0.00557, 0.0612]",13186,3004,10182,0.04874151342845323,0.01275055801300413,-1.3409560623980958,0.048262289855846054
cv_saldo_liquido,"(0.0612, 0.151]",13186,2852,10334,0.04627564222155529,0.01294089288341676,-1.2742234482310213,0.042475919247559626
cv_saldo_liquido,"(0.151, 0.261]",13186,2848,10338,0.046210750874005335,0.012945901695796042,-1.2724332072263063,0.04232729872772821
cv_saldo_liquido,"(0.261, 0.377]",13186,2875,10311,0.046648767469967475,0.012912092212235902,-1.2844822530563882,0.043334160645682754
cv_saldo_liquido,"(0.377, 0.458]",13186,2451,10735,0.03977028462967319,0.01344302632443956,-1.084659533391207,0.028556111708824487
cv_saldo_liquido,"(0.458, 0.643]",13186,2628,10558,0.042641726758758304,0.01322138637665643,-1.1709975766898877,0.03445114729283294
cv_saldo_liquido,"(0.643, 0.868]",13186,2355,10831,0.038212892288474486,0.013563237821542276,-1.0358099217274306,0.02553235666400126
cv_saldo_liquido,"(0.868, 1.251]",13186,2184,11002,0.03543878718071429,0.013777364550756488,-0.9447799078529249,0.02046527687629479
cv_saldo_liquido,"(1.251, 68.5]",13186,1810,11376,0.029371446184794335,0.014245688508219148,-0.7235686840951953,0.010944524577982305
cv_saldo_liquido,Sin dato,728362,36775,691587,0.5966029379557604,0.8660080078387914,0.37264235887974567,0.1003917407353754
cv_saldo_liquido_insuficiente,0,138330,25036,113294,0.4061927089248341,0.14186852294299437,-1.0519269655857908,0.27804973889081086
cv_saldo_liquido_insuficiente,1,721893,36600,685293,0.5938072910751659,0.8581314770570057,0.36820248348577445,0.09732482172386911
desc_segmento,personal,645970,22088,623882,0.35836138714256743,0.7812315103460669,0.7793295954841516,0.32955520205851657
desc_segmento,plus,196072,32296,163776,0.5239748529709998,0.20508246737838073,-0.9380315145160162,0.2991311074250698
desc_segmento,preferencial,18181,7252,10929,0.11766375988643277,0.013686022275552427,-2.151456024300344,0.22370352997604895
desc_tipo_de_vivienda,ARRENDADA,45949,3337,42612,0.05414635333436083,0.05335970482957765,-0.014634757487699665,1.151241009556341e-05
desc_tipo_de_vivienda,FAMILIAR,129359,14392,114967,0.23349854392952457,0.14396320011720665,-0.48361812906694573,0.04330091545987893
desc_tipo_de_vivienda,NO INFORMA,18190,1673,16517,0.02715023889289973,0.02068334231792429,-0.2720571879726937,0.001759365697098062
desc_tipo_de_vivienda,PROPIA,75034,8926,66108,0.144820201659677,0.08278157927195387,-0.5592874203651211,0.034697421078235514
desc_tipo_de_vivienda,Sin dato,591691,33308,558383,0.5403846621835379,0.6992121734633375,0.2576730114060626,0.04092556312559635
dias_desde_ultimo_dato,"(-0.001, 31.0]",320618,48092,272526,0.7802284268077029,0.3412595950362514,-0.8269432682654537,0.36300232041175223
dias_desde_ultimo_dato,"(120.0, 182.0]",56297,2593,53704,0.04207563393306186,0.06724915162974743,0.4689355965285289,0.011804758537816727
dias_desde_ultimo_dato,"(182.0, 365.0]",46342,1508,44834,0.024473142004250555,0.05614207540790644,0.8303092671743403,0.026295008886582504
dias_desde_ultimo_dato,"(31.0, 92.0]",70111,6461,63650,0.10482811207190253,0.07970360259958176,-0.27400719409972674,0.00688429634364262
dias_desde_ultimo_dato,"(92.0, 120.0]",34792,1690,33102,0.02742581806972858,0.04145118270952554,0.41303157951724756,0.005792918510480689
dias_desde_ultimo_dato,Sin dato,332063,1292,330771,0.020968867113353558,0.41419439261698743,2.98329659171253,1.1731083700093594
dif_ingreso_declarado_estimado,"(-1397013.12, -887221.0]",74562,5403,69159,0.08766009912153339,0.08660173993620025,-0.012146918731300957,1.285580301276745e-05
dif_ingreso_declarado_estimado,"(-260899.065, -78241.12]",74562,4999,69563,0.08110607301898883,0.0871076299865075,0.07138663891353365,0.0004284309801592581
dif_ingreso_declarado_estimado,"(-263559612.001, -1397013.12]",74562,7580,66982,0.12297721502559153,0.08387569379877723,-0.38266322744216635,0.014962714310551137
dif_ingreso_declarado_estimado,"(-441316.46, -260899.065]",74561,4372,70189,0.07093435429053478,0.0878915091238648,0.21434834113778758,0.0036347380089409064
dif_ingreso_declarado_estimado,"(-633620.07, -441316.46]",74562,3876,70686,0.06288782719434148,0.08851385406199032,0.3418064641799476,0.008759141634611388
dif_ingreso_declarado_estimado,"(-78241.12, 72889.38]",74561,6425,68136,0.1042398384205446,0.08532073617019945,-0.20027686083523766,0.0037890584085200083
dif_ingreso_declarado_estimado,"(-887221.0, -633620.07]",74561,4059,70502,0.0658566063447515,0.08828344869254344,0.2930728987153597,0.006572699695899765
dif_ingreso_declarado_estimado,"(369804.85, 961271.5]",74561,7173,67388,0.11637452041238451,0.08438408825527412,-0.3214347584879126,0.010282836834344732
dif_ingreso_declarado_estimado,"(72889.38, 369804.85]",74562,6544,68018,0.1061703560101555,0.08517297620501069,-0.22036073339797257,0.004626998013297488
dif_ingreso_declarado_estimado,"(961271.5, 9000002460970.14]",74562,10704,63858,0.1736573574620994,0.0799638113305597,-0.7755099738224822,0.07266027950780587
dif_ingreso_declarado_estimado,Sin dato,114607,501,114106,0.008135752699074487,0.1428845124390725,2.8657684362512104,0.38615874248688414
estimador_ingreso,"(1551240.964, 1734047.67]",76745,1699,75046,0.027570711290283333,0.09397345955540529,1.2262583731150016,0.08142692605795344
estimador_ingreso,"(1734047.67, 1904749.366]",72413,1539,70874,0.02497505738828549,0.08874926824381646,1.2679375608202115,0.0808617173553958
estimador_ingreso,"(1904749.366, 2046172.78]",74580,1296,73284,0.021032908024626266,0.09176707770233254,1.473165342634143,0.10420312730919977
estimador_ingreso,"(2046172.78, 2322294.5]",74578,2664,71914,0.04322574888670782,0.09005155946242921,0.733946032477865,0.03436761788961077
estimador_ingreso,"(2322294.5, 2899730.266]",74579,3703,70876,0.060081276412806306,0.08875177265000611,0.3901451492272378,0.011185655032881279
estimador_ingreso,"(2899730.266, 4556904.239]",74579,5802,68777,0.0941330110396405,0.08612339835397903,-0.08892766074512835,0.0007122761196103797
estimador_ingreso,"(4556904.239, 5655998.552]",74579,9627,64952,0.15618536213427642,0.08133372151629273,-0.6524828113307282,0.04883940890313932
estimador_ingreso,"(5655998.552, 7158174.613]",74579,13360,61219,0.21674521223526358,0.07665924736332985,-1.039352284486263,0.14559866761410672
estimador_ingreso,"(67058.499, 1551240.964]",74580,2787,71793,0.04522115782386866,0.089900042887956,0.68713334777533,0.030700351868955523
estimador_ingreso,"(7158174.613, 300000000.0]",74580,18659,55921,0.3027100249020546,0.07002507536697376,-1.463921936322717,0.3406326018765492
estimador_ingreso,Sin dato,114431,500,113931,0.008119529862187001,0.142665376897479,2.8662296126826443,0.38563929103602324
falta_estimador,0,745792,61136,684656,0.991879877346399,0.8573338191908719,-0.14577464517094105,0.019613403886770762
falta_estimador,1,114431,500,113931,0.008120122653600922,0.1426661808091281,2.866162242181622,0.38563083171974466
fiducuenta_n_obs_ventana,0,682800,19334,663466,0.31366807268007785,0.8307963650980289,0.9740493833940227,0.5037084943653091
fiducuenta_n_obs_ventana,1,13836,3473,10363,0.056351395197923426,0.012977231148360049,-1.468410627927665,0.0636910834678569
fiducuenta_n_obs_ventana,2,38999,9454,29545,0.1533825438027255,0.036997036029707324,-1.422097285039104,0.1655115146219067
fiducuenta_n_obs_ventana,3,61439,14560,46879,0.2362183646982479,0.058702765245288266,-1.3922698175470725,0.2471496112621313
fiducuenta_n_obs_ventana,4,45876,10639,35237,0.17260707332900713,0.044124589433139114,-1.3640005482795718,0.17525017847828525
fiducuenta_n_obs_ventana,5,15022,3587,11435,0.058200843608046726,0.014319595387376016,-1.4022709435541514,0.06153339934673384
fiducuenta_n_obs_ventana,6,2145,560,1585,0.009093121349772875,0.0019853717359699773,-1.5217120629255012,0.010815948327577941
fiducuenta_n_obs_ventana,7,106,29,77,0.00047858533419857237,9.704592213035209e-05,-1.5956502413781615,0.0006088034549619375
fiducuenta_saldo_prom_6m,"(-0.001, 192.891]",685433,19606,665827,0.3180911126253285,0.8337549102229056,0.9636016271037822,0.4968944744035407
fiducuenta_saldo_prom_6m,"(192.891, 232223.645]",85679,14649,71030,0.23766994386579707,0.08894500174683097,-0.9828646998910838,0.1461764956020764
fiducuenta_saldo_prom_6m,"(232223.645, 4024677856.043]",85680,26319,59361,0.42700120055809726,0.0743329797931101,-1.7482320982019435,0.6165459035571197
fiducuenta_saldo_prom_6m,Sin dato,3431,1062,2369,0.017237742950777117,0.002967108237153279,-1.759513516358321,0.025109374665633403
fiducuenta_saldo_snapshot,"(-0.001, 225.19]",688179,20234,667945,0.32828229568038936,0.8364076116798577,0.9352421722460079,0.47522022430853195
fiducuenta_saldo_snapshot,"(128878.386, 3995812951.53]",86023,26110,59913,0.4236138714256743,0.07502424590386664,-1.7310110196994024,0.6034124831311372
fiducuenta_saldo_snapshot,"(225.19, 128878.386]",86021,15292,70729,0.2481038328939363,0.08856814241627571,-1.0300751130226644,0.16433374439992504
fiducuenta_tendencia_6m,"(-1185099789.391, 0.0]",713710,28330,685380,0.4596271780395211,0.8582393446441161,0.6244673387066878,0.2489202788556783
fiducuenta_tendencia_6m,"(0.0, 58.982]",21346,3570,17776,0.057926928193646775,0.022259885873709754,-0.956396138659944,0.03411182155220857
fiducuenta_tendencia_6m,"(58.982, 1678588470.855]",81673,18835,62838,0.3055825951523411,0.07868690903581191,-1.3567433011262633,0.3078392021930483
fiducuenta_tendencia_6m,Sin dato,43494,10901,32593,0.17686329861449107,0.040813860446362274,-1.4663553694238949,0.19949682416493986
fiducuenta_tendencia_relativa_6m,"(-0.243, 0.012]",13736,3507,10229,0.05690160038285895,0.012809411558460666,-1.4911432882274158,0.06574777142875737
fiducuenta_tendencia_relativa_6m,"(-1.248, -0.243]",13736,4232,9504,0.06866315712628668,0.011901564314716204,-1.7525429225077631,0.09947712775218537
fiducuenta_tendencia_relativa_6m,"(-5.0, -1.248]",13736,3748,9988,0.060811304072743204,0.01250763061260906,-1.5814367868710109,0.07638920615086106
fiducuenta_tendencia_relativa_6m,"(0.012, 0.0172]",13736,2637,11099,0.04278773229074568,0.013898828250954022,-1.1244468946901807,0.032484038438546345
fiducuenta_tendencia_relativa_6m,"(0.0172, 0.0205]",13736,2640,11096,0.042836400801408145,0.013895071641669563,-1.125854008030885,0.032583711432232806
fiducuenta_tendencia_relativa_6m,"(0.0205, 0.0256]",13736,2579,11157,0.04184680775127146,0.013971456030453579,-1.0969991223279605,0.03057923637232042
fiducuenta_tendencia_relativa_6m,"(0.0256, 0.0288]",13736,2625,11111,0.042593058248095846,0.013913854688091861,-1.1188062042030715,0.032086470874535276
fiducuenta_tendencia_relativa_6m,"(0.0288, 0.0614]",13736,2606,11130,0.0422848243472336,0.01393764654689344,-1.1098346954644578,0.03146068144131736
fiducuenta_tendencia_relativa_6m,"(0.0614, 0.704]",13736,4018,9718,0.06519147003236456,0.012169535777007672,-1.6783928712413323,0.08899163647361759
fiducuenta_tendencia_relativa_6m,"(0.704, 4.0]",13736,3871,9865,0.06280671300990404,0.012353609631946205,-1.6261136645639436,0.08204248082255448
fiducuenta_tendencia_relativa_6m,Sin dato,722863,29173,693690,0.47327693193708786,0.8686413909471977,0.6072496745009713,0.24008493904314185
fiducuenta_tenencia,0,679369,18272,661097,0.2964534289468988,0.8278330002454332,1.0269213067361083,0.5456850037307639
fiducuenta_tenencia,1,180854,43364,137490,0.7035465710531013,0.1721669997545668,-1.4076691388712597,0.748006623543587
grupo_edad,18-25,110400,3618,106782,0.05870519237165084,0.13371387928341155,0.8231741088726573,0.06174520900629678
grupo_edad,26-35,212490,16223,196267,0.2632040039910121,0.24576769416577604,-0.06854265495733498,0.0011951309680803468
grupo_edad,36-49,236761,22529,214232,0.36551019249332806,0.2682636072725725,-0.30932405892937315,0.030080708457505306
grupo_edad,50-65,163234,13056,150178,0.211823778969313,0.1880546889234081,-0.11902187867496229,0.002829041751657948
grupo_edad,65+,137338,6210,131128,0.10075683217469601,0.16420013035483186,0.4883759792204718,0.030984182873700222
ingresos_mensuales,"(-0.001, 1042282.9]",85998,922,85076,0.01496556702870631,0.10653305659644938,1.9627032966539264,0.1797198136409333
ingresos_mensuales,"(1042282.9, 1200000.0]",88916,1307,87609,0.021211359230388617,0.1097048870356283,1.6432570644473048,0.14541761472382414
ingresos_mensuales,"(1200000.0, 1423000.0]",83111,1487,81624,0.02413146987013619,0.10221045151313092,1.4435171454192326,0.11270834869853642
ingresos_mensuales,"(1423000.0, 1700000.0]",86108,1812,84296,0.029403891858569307,0.10555633818248981,1.2781177798658099,0.09733179562687955
ingresos_mensuales,"(1700000.0, 2000000.0]",91943,2028,89915,0.032908024626266394,0.11259246737228311,1.2300582785980825,0.09801650847521277
ingresos_mensuales,"(2000000.0, 2500000.0]",90103,3117,86986,0.05057469399673921,0.10892476450755548,0.7672060774815707,0.044766528717376415
ingresos_mensuales,"(2500000.0, 3552614.9]",75803,6442,69361,0.10451562664763187,0.08685468496135389,-0.18510016315504452,0.003269043187601781
ingresos_mensuales,"(3552614.9, 5364485.8]",85997,11354,74643,0.18420220143896562,0.09346882170819285,-0.6784061520825102,0.06155408300859479
ingresos_mensuales,"(5364485.8, 7000000.0]",86347,12973,73374,0.2104669743598063,0.09187977598086634,-0.828847809764228,0.09829073964246039
ingresos_mensuales,"(7000000.0, 9000008796700.0]",85648,20193,65455,0.32759585668745894,0.08196357967298716,-1.3855057061539002,0.3403249214191261
ingresos_mensuales,Sin dato,249,1,248,2.4334255331229773e-05,0.0003111724690627573,2.5484622792818383,0.0007309963679513797
n_productos_inversion_no_etiqueta,0,658248,17269,640979,0.28017846278645303,0.8026405338919856,1.0524801925554732,0.5498809812000822
n_productos_inversion_no_etiqueta,1,197122,42093,155029,0.682920300141959,0.1941293920460913,-1.2578532558530164,0.6148272351797398
n_productos_inversion_no_etiqueta,2,4853,2274,2579,0.03690123707158791,0.0032300740619230052,-2.435740009100196,0.08201419889557539
n_productos_no_etiqueta,0,376075,1776,374299,0.028821038628141275,0.46870045955997447,2.788858257054946,1.2267613551742913
n_productos_no_etiqueta,1,279452,11869,267583,0.19256477230324956,0.3350699357617801,0.5539066968762979,0.07893456437913157
n_productos_no_etiqueta,2,103652,19768,83884,0.3207141582439689,0.10504075933833382,-1.1162017946552576,0.24073503491786918
n_productos_no_etiqueta,3,97306,26371,70935,0.4278378948393063,0.08882593070286379,-1.5720657536718714,0.5329490989039379
n_productos_no_etiqueta,4,3621,1785,1836,0.02896705008192865,0.00229967818279718,-2.5333897873235047,0.06755884762401748
n_productos_no_etiqueta,5,117,67,50,0.0010950859034053115,6.323645425061671e-05,-2.8517071471458935,0.0029425324489329966
patrimonio_por_ingreso,"(-6125000.001, 0.0]",163339,2541,160798,0.04123033994954698,0.20135237934240555,1.5858821122916467,0.2539346780567928
patrimonio_por_ingreso,"(0.0, 0.000692]",6795,139,6656,0.002263085745804369,0.00833528990066899,1.3037690404638707,0.007916751784488574
patrimonio_por_ingreso,"(0.000692, 0.0281]",85067,2428,82639,0.039397159381261,0.10348143765437316,0.9656985335039174,0.061886093549001375
patrimonio_por_ingreso,"(0.0281, 0.101]",85067,4284,80783,0.06950674464443597,0.10115734871038734,0.37525341947926394,0.011876997404332545
patrimonio_por_ingreso,"(0.101, 0.242]",85067,6387,78680,0.10362337061882011,0.09852396560198098,-0.050463065320728105,0.00025733160846160154
patrimonio_por_ingreso,"(0.242, 0.482]",85066,8122,76944,0.13176999261860922,0.09635014102937356,-0.31306906396112494,0.011088859782683973
patrimonio_por_ingreso,"(0.482, 0.872]",85067,9260,75807,0.15023158099656886,0.09492638611056327,-0.4590762686827383,0.025389302507039108
patrimonio_por_ingreso,"(0.872, 1.611]",85067,10399,74668,0.168709392211416,0.09350012678556335,-0.5902148697582738,0.04438962679793507
patrimonio_por_ingreso,"(1.611, 3.196]",85067,10148,74919,0.1646374601526569,0.09381442976236316,-0.5624271656939781,0.03983279624827138
patrimonio_por_ingreso,"(3.196, 70000000.0]",85067,7873,77194,0.12773050623362509,0.09666319180307854,-0.278689937555534,0.008658147918667156
patrimonio_por_ingreso,Sin dato,9554,55,9499,0.0009003674472555015,0.011895303299242104,2.5810959657255252,0.028378984570973563
pct_ahorro_ingreso,"(-19999999.001, 0.25]",85695,3082,82613,0.05000730033581545,0.10344894514345247,0.7269092058763729,0.03884722358784661
pct_ahorro_ingreso,"(0.25, 0.53]",84441,4299,80142,0.06975065297448127,0.10035474935887162,0.3637846197643748,0.011133299566427722
pct_ahorro_ingreso,"(0.53, 0.667]",85890,4584,81306,0.07437419899093137,0.10181231467382594,0.3140219721532807,0.008616171198912415
pct_ahorro_ingreso,"(0.667, 0.762]",84246,5181,79065,0.08405931117275839,0.09900612578137521,0.16365908972757642,0.002446182073173071
pct_ahorro_ingreso,"(0.762, 0.83]",85067,5650,79417,0.09166788338930257,0.09944690154672223,0.08145176667623497,0.0006336147719283414
pct_ahorro_ingreso,"(0.83, 0.894]",85294,7507,77787,0.12179393585438264,0.09740580922423465,-0.22344471447629102,0.005449397991485046
pct_ahorro_ingreso,"(0.894, 0.938]",84841,8169,76672,0.13253354098732986,0.09600960189934285,-0.3223875466678782,0.011774863117223155
pct_ahorro_ingreso,"(0.938, 0.977]",85068,9919,75149,0.1609237358251813,0.09410249539188972,-0.5365459974800657,0.03585266910113573
pct_ahorro_ingreso,"(0.977, 1.0]",170136,13190,156946,0.2139890657192453,0.19652901606828016,-0.08511483406897707,0.0014861092288779997
pct_ahorro_ingreso,Sin dato,9545,55,9490,0.0009003747505718597,0.01188404091200513,2.580140613006381,0.028339403142817878
pct_dif_ingreso,"(-0.0229, 0.0219]",74335,8949,65386,0.14518627872456055,0.08187717765944459,-0.572797307814251,0.03626328265023875
pct_dif_ingreso,"(-0.0944, -0.0229]",74334,8992,65342,0.14588386071072248,0.0818220807232725,-0.5782636878914499,0.037044601148433505
pct_dif_ingreso,"(-0.193, -0.0944]",74335,7270,67065,0.11794813559047071,0.08397962665564727,-0.339670769338158,0.011538109563161569
pct_dif_ingreso,"(-0.34, -0.193]",74335,5034,69301,0.08167387231005085,0.08677955277566468,0.06063687646303909,0.0003095925156531775
pct_dif_ingreso,"(-0.533, -0.34]",74334,2904,71430,0.04711922973970458,0.08944549316453636,0.640948232405254,0.02712894372646508
pct_dif_ingreso,"(-0.876, -0.533]",74335,2429,71906,0.03941338221814849,0.09004154183767066,0.8261657309683335,0.041827250499643996
pct_dif_ingreso,"(-29999999.001, -0.876]",74335,2357,71978,0.03824533796224946,0.09013170046049769,0.8572502696396126,0.04447959824224198
pct_dif_ingreso,"(0.0219, 0.106]",74334,9083,65251,0.14736013886748375,0.08170813024164389,-0.5897260045990251,0.03871669674081728
pct_dif_ingreso,"(0.106, 0.261]",74335,7062,67273,0.1145737855178735,0.08424008489936984,-0.3075481547988779,0.009329073653442385
pct_dif_ingreso,"(0.261, 1.0]",74335,7013,67322,0.11377886651038667,0.08430144285101601,-0.2998578166246434,0.008839035898218491
pct_dif_ingreso,Sin dato,116876,543,116333,0.008817111848348921,0.1456731687312365,2.8046711804722397,0.3838362386125044
ratio_egreso_ingreso,"(-0.001, 0.0235]",170136,13190,156946,0.2139890657192453,0.19652901606828016,-0.08511483406897707,0.0014861092288779997
ratio_egreso_ingreso,"(0.0235, 0.0624]",85068,9919,75149,0.1609237358251813,0.09410249539188972,-0.5365459974800657,0.03585266910113573
ratio_egreso_ingreso,"(0.0624, 0.106]",85278,8169,77109,0.13253354098732986,0.09655681499439013,-0.3167041614044624,0.011393978835672102
ratio_egreso_ingreso,"(0.106, 0.17]",84857,7507,77350,0.12179393585438264,0.09685859612918737,-0.22907842324933325,0.005712148307434194
ratio_egreso_ingreso,"(0.17, 0.238]",85072,5650,79422,0.09166788338930257,0.09945316256611636,0.08151472311040317,0.0006346148764351637
ratio_egreso_ingreso,"(0.238, 0.333]",87577,5323,82254,0.08636297269674405,0.10299940395095368,0.17616417412627366,0.002930743172306367
ratio_egreso_ingreso,"(0.333, 0.47]",82554,4442,78112,0.07207053746694571,0.09781277548485334,0.30540987071225173,0.007861933584893182
ratio_egreso_ingreso,"(0.47, 0.75]",85806,4366,81440,0.07083759186255902,0.10198010999358871,0.364387975904631,0.011347959146339183
ratio_egreso_ingreso,"(0.75, 20000000.0]",84330,3015,81315,0.04892036144773771,0.10182358450873537,0.7330480528833355,0.03878060465611711
ratio_egreso_ingreso,Sin dato,9545,55,9490,0.0009003747505718597,0.01188404091200513,2.580140613006381,0.028339403142817878
ratio_liquidez_patrimonio,"(-2628070.521, 0.0]",298866,2698,296168,0.04377839065541856,0.3708638088833959,2.136694571647404,0.69888163759274
ratio_liquidez_patrimonio,"(0.0, 0.000466]",48950,2354,46596,0.038197598961713174,0.05834839110383162,0.4236591259216077,0.008537066985557904
ratio_liquidez_patrimonio,"(0.000466, 0.00982]",69563,8110,61453,0.1315785204412719,0.07695240742758183,-0.5364166416341498,0.02930235608833116
ratio_liquidez_patrimonio,"(0.00982, 0.0438]",69563,11399,58164,0.18493672939649577,0.07283390371291437,-0.9318322061842202,0.10446102337621672
ratio_liquidez_patrimonio,"(0.0438, 0.151]",69563,12494,57069,0.20270116807268007,0.07146273874862101,-1.0425566385317948,0.13682349572228353
ratio_liquidez_patrimonio,"(0.151, 0.643]",69563,12222,57341,0.19828844905905257,0.07180333863016237,-1.0157918100004222,0.12848253926066566
ratio_liquidez_patrimonio,"(0.643, 91000000.0]",69564,9940,59624,0.16126703439325113,0.07466212366530552,-0.7700886721768329,0.06669346070647679
ratio_liquidez_patrimonio,Sin dato,164591,2419,162172,0.039252109020116804,0.2030732878281874,1.643561761891098,0.2692502252768691
ratio_pasivo_activo,"(-0.001, 0.0429]",610426,46487,563939,0.7542019533404718,0.7061698821296061,-0.06580433997785258,0.0031607187438002335
ratio_pasivo_activo,"(0.0429, 0.368]",76160,10138,66022,0.16448457120607418,0.08267394116372752,-0.6879123221727401,0.05627854049084563
ratio_pasivo_activo,"(0.368, 80000000.0]",76288,3927,72361,0.06371880982510789,0.09061169137065499,0.3521034418821147,0.009469076154315139
ratio_pasivo_activo,Sin dato,97349,1084,96265,0.017594665628346152,0.12054448533601139,1.9244230909113667,0.19811901025059309
saldo_invertido_no_etiqueta,"(-0.001, 2024.974]",688178,22676,665502,0.36790103427296694,0.8333484641965168,0.8176379056640848,0.38056746179942214
saldo_invertido_no_etiqueta,"(2024.974, 928094.716]",86022,16311,69711,0.26463597647535997,0.08729339328076975,-1.109080426313618,0.19668718777301442
saldo_invertido_no_etiqueta,"(928094.716, 4064556340.99]",86023,22649,63374,0.3674629892516731,0.07935814252271352,-1.5326515470711661,0.4415643390578411
saldo_liquido_total,"(-16945830.150999997, 0.0]",406099,2989,403110,0.04849974448202857,0.5047774798222618,2.3425591686345646,1.0688575923650787
saldo_liquido_total,"(0.0, 289.27]",24013,465,23548,0.007551975600061649,0.029487578427241496,1.3621599064938577,0.0298797986959577
saldo_liquido_total,"(1990379.846, 6234738.344]",86022,14759,71263,0.2394487301162404,0.08923659873239163,-0.9870480683121943,0.14826659411948545
saldo_liquido_total,"(289.27, 41782.032]",86022,2668,83354,0.043292044873822794,0.10437702426963506,0.880040680212233,0.05375726681824087
saldo_liquido_total,"(41782.032, 618322.172]",86022,7211,78811,0.11699478418871016,0.09868825136286996,-0.17016344867687488,0.0031151027589613844
saldo_liquido_total,"(618322.172, 1990379.846]",86022,9427,76595,0.152945757184922,0.09591336235529975,-0.4666380218032814,0.026613483901998625
saldo_liquido_total,"(6234738.344, 2794805904.22]",86023,24117,61906,0.3912669635542144,0.07751970503030026,-1.6188579357449415,0.5079122392796582
sin_dato_reciente,0,528160,60344,467816,0.9790304524879536,0.5858045700661668,-0.5135765119810312,0.20195157711484435
sin_dato_reciente,1,332063,1292,330771,0.020969547512046337,0.41419542993383324,2.98326664861355,1.17309766040055
tiene_estimador_ingreso,0,114431,500,113931,0.008120122653600922,0.1426661808091281,2.866162242181622,0.38563083171974466
tiene_estimador_ingreso,1,745792,61136,684656,0.991879877346399,0.8573338191908719,-0.14577464517094105,0.019613403886770762
total_activos,"(-0.001, 460583.4]",171995,1746,170249,0.028333414448175727,0.21318708426831223,2.018128279406718,0.3730584186161297
total_activos,"(10902000.0, 24378000.0]",85998,5648,80350,0.09163543745234504,0.10061520776566757,0.09348534825839265,0.0008394769550213327
total_activos,"(200000000.0, 9041914166666.0]",82271,17961,64310,0.29138884833146766,0.08052985754928675,-1.2860306068566145,0.2711711158767814
total_activos,"(2358000.0, 5000000.0]",97172,1907,95265,0.03094531237325806,0.11929182861836833,1.3493513027538144,0.11921048678910058
total_activos,"(24378000.0, 47874054.8]",85996,7271,78725,0.11796531529339238,0.09858037646257413,-0.179518422942377,0.003479953647742938
total_activos,"(460583.4, 2358000.0]",86011,1461,84550,0.023709868431725636,0.10587446405673986,1.496362739922217,0.1229480394340473
total_activos,"(47874054.8, 93453400.0]",85997,9338,76659,0.1514981911390146,0.0959933232489181,-0.4562950456429523,0.025326596227317626
total_activos,"(5000000.0, 10902000.0]",74810,3280,71530,0.053219448094612355,0.08957076955441577,0.5206051388708827,0.018924684756721055
total_activos,"(93453400.0, 200000000.0]",89724,13023,76701,0.21127982998329034,0.09604591581182882,-0.7883570964596799,0.09084547398989735
total_activos,Sin dato,249,1,248,2.433445271815837e-05,0.00031117266388844364,2.54845479393224,0.0007309942143398617
total_egresos_mensuales,"(-0.001, 60000.0]",172103,9232,162871,0.14977855648026475,0.2039483240503286,0.3087087351014259,0.016722680427292646
total_egresos_mensuales,"(1000000.0, 2000000.0]",73195,8130,65065,0.13190084521665774,0.08147527147780093,-0.4817509109576557,0.02429256608425671
total_egresos_mensuales,"(200000.0, 300000.0]",69940,4440,65500,0.07203809152998816,0.08201998016509056,0.12976784998715604,0.0012953282269884655
total_egresos_mensuales,"(2000000.0, 8500000850000.0]",71528,9864,61664,0.1600314725588488,0.0772165260859112,-0.7287569967913393,0.06035197168105353
total_egresos_mensuales,"(300000.0, 400000.0]",51860,3090,48770,0.050137084083645624,0.06107060927231928,0.19726978826016187,0.002156854198906799
total_egresos_mensuales,"(400000.0, 500000.0]",112909,5684,107225,0.09221946431758084,0.1342681870091361,0.37566797740039864,0.015796358605806807
total_egresos_mensuales,"(500000.0, 700000.0]",66908,3963,62945,0.0642997355656138,0.07882059925468825,0.2036188558380091,0.0029567216501490304
total_egresos_mensuales,"(60000.0, 200000.0]",142914,9659,133255,0.1567057640207005,0.16686305397499598,0.06280350744475452,0.0006379134352631271
total_egresos_mensuales,"(700000.0, 1000000.0]",98617,7573,91044,0.1228646517739816,0.11400627604584068,-0.07482985750226949,0.000662870993438348
total_egresos_mensuales,Sin dato,249,1,248,2.433445271815837e-05,0.00031117266388844364,2.54845479393224,0.0007309942143398617
total_pasivos,"(-0.001, 700000.0]",689407,42260,647147,0.6856241279730036,0.8103636538945566,0.16715354318448858,0.020850653732940927
total_pasivos,"(5000000.0, 9000012000000.0]",80054,14009,66045,0.2272867387001525,0.08270274196113395,-1.0109596294427532,0.14616858376663044
total_pasivos,"(700000.0, 5000000.0]",90513,5366,85147,0.08706479768973685,0.10662243031146185,0.2026412628178271,0.003963183372193484
total_pasivos,Sin dato,249,1,248,2.433563710697946e-05,0.0003111738328476851,2.5484098804611266,0.0007309812921192569
total_patrimonio,"(-8999512000000.002, 0.0]",170504,2566,167938,0.04163591087173414,0.21029310943941998,1.6195392797892836,0.27314695789958815
total_patrimonio,"(0.0, 600.0]",1497,39,1458,0.0006408020570557174,0.0018263382137948955,1.0473476592540192,0.0012416685187217843
total_patrimonio,"(147724716.8, 9041902166666.0]",85997,15710,70287,0.2548688789208569,0.08801422502715715,-1.0632507631512982,0.17740833808782197
total_patrimonio,"(16000000.0, 32880000.0]",85897,7677,78220,0.12455083020367771,0.09794795217836381,-0.2402776699455314,0.006392077545767603
total_patrimonio,"(2500000.0, 7000000.0]",86251,4261,81990,0.06913361939602378,0.10266875784583501,0.39546671776726694,0.013262031132617721
total_patrimonio,"(32880000.0, 67677594.6]",85993,9566,76427,0.15519576908413973,0.09570275202935163,-0.4834402914387595,0.02876132150353785
total_patrimonio,"(551000.0, 2500000.0]",86104,2794,83310,0.04533471768208107,0.10432166593099734,0.8334059337749816,0.04916007268592459
total_patrimonio,"(600.0, 551000.0]",86027,1544,84483,0.025056171572722923,0.10579050016122114,1.440340557500818,0.11628492784861175
total_patrimonio,"(67677594.6, 147724716.8]",85996,11637,74359,0.18879326427812432,0.09311319602926399,-0.7068366619644151,0.06763018005755185
total_patrimonio,"(7000000.0, 16000000.0]",85697,5841,79856,0.09476570167825248,0.09999655644148925,0.05372820265619149,0.00028104442478428987
total_patrimonio,Sin dato,260,1,259,2.4334255331229773e-05,0.00032494670310577673,2.591776136351098,0.0007791201684321615
